FirstName;SurName;BirthDate;CompanyId
Ulric;Mcmahon;1967/11/20;9
Cecilia;Finch;1988/08/10;9
Briar;Wilkinson;1968/04/12;4
Sydnee;Jarvis;1951/02/26;6
Cathleen;Roberson;1942/07/25;3
Wilma;Eaton;1960/06/21;6
Kylee;Savage;1970/04/28;3
Brian;Zamora;1943/11/10;6
Brielle;Henson;1988/11/10;9
Benedict;Kent;1985/02/03;9
Joan;Hernandez;1978/03/02;5
Emily;Mccullough;1942/07/06;8
Bryar;Peck;1984/02/26;8
Jeanette;Mcguire;1944/08/25;3
Abra;Riddle;1965/05/26;1
Denise;Pierce;1972/12/22;3
Sharon;Fischer;1989/08/04;1
Aurora;Hernandez;1962/08/29;1
Maryam;Lloyd;1962/06/23;5
Kennedy;Mooney;1977/12/14;10
Ignatius;Burris;1947/05/13;5
Todd;Higgins;1980/01/14;10
Naida;Madden;1945/09/09;8
Irene;Ayala;1965/05/02;4
Meghan;Baker;1983/01/07;1
Melanie;Fisher;1978/06/10;8
Urielle;Campos;1967/02/28;1
Addison;Curtis;1971/01/29;6
Basia;Stark;1983/06/01;1
Leigh;Hendricks;1942/02/16;7
Lareina;Sellers;1957/01/30;9
Yeo;Prince;1951/02/09;3
Xaviera;Holcomb;1956/01/11;8
Mira;Stark;1992/01/29;9
Yeo;Leonard;1977/10/15;9
Amity;Combs;1986/10/07;2
Shaine;Burch;1962/09/07;3
Vernon;Bush;1988/07/29;5
Ingrid;Curry;1971/03/24;4
Jeremy;Ruiz;1951/10/25;8
Cameron;Hale;1986/11/01;6
Whoopi;Goodwin;1951/03/15;4
Cedric;Gallegos;1948/02/11;8
Whilemina;Zamora;1960/06/19;7
Piper;Williams;1940/09/06;2
Leroy;Avery;1943/05/29;4
Nolan;Stein;1980/05/04;5
Yetta;Ryan;1956/12/05;6
Jamal;Dillon;1943/06/12;9
Roanna;Perez;1943/12/31;7
Lacy;Stein;1946/05/20;10
Cameron;Schwartz;1989/06/26;4
Jillian;Acevedo;1940/01/29;7
Daria;Webster;1984/04/01;7
Stephanie;Patton;1940/10/21;7
Alice;Foreman;1968/09/27;7
Harlan;Andrews;1976/05/16;6
Shay;Yang;1993/12/17;4
Isabella;Huber;1968/06/29;6
Deborah;Dyer;1957/03/10;3
Skyler;Sears;1946/09/30;2
Shannon;Wolf;1992/06/23;10
Chastity;Irwin;1961/07/18;10
Shea;Patterson;1943/10/05;10
Kane;Mccarty;1948/06/26;7
Calista;Medina;1971/12/24;10
Roanna;Yates;1945/02/25;10
Gareth;Simmons;1995/11/03;10
Moana;Finley;1994/07/02;5
Demetrius;Lloyd;1994/11/10;7
Kirsten;Hays;1978/12/23;6
Olga;Downs;1994/03/05;5
Octavia;Hooper;1943/03/18;10
Norman;Fitzgerald;1985/10/16;7
Merrill;Russell;1984/07/11;3
Fredericka;Weaver;1989/04/25;9
Elton;Reyes;1949/04/06;9
Dora;Bridges;1958/02/15;8
Daryl;Roberson;1966/11/27;10
Michelle;Barker;1978/08/31;6
Graham;Mcdowell;1942/12/16;10
Suki;Fry;1953/09/24;2
Hamish;Barber;1960/09/25;7
Gary;Ratliff;1981/05/23;10
Akeem;Higgins;1978/01/05;8
Drake;Ratliff;1954/04/07;7
Caldwell;Bartlett;1959/12/20;5
Adria;Fuller;1982/07/08;6
Odette;Martin;1986/02/25;4
Octavius;Dickerson;1983/08/13;4
Dennis;Mckay;1967/05/17;10
Christopher;Johns;1947/04/05;3
Hayfa;Smith;1966/09/30;3
Alana;Conway;1970/05/22;1
Vladimir;Curry;1943/09/18;5
Merrill;Kelly;1979/06/12;3
Gavin;Moore;1984/04/06;3
Ramona;Mosley;1947/07/10;6
Felix;Guy;1981/03/07;2
Malik;Bradford;1956/11/04;4